Workbook

Sheet Iteration 1
A1: What is your given participant login name? (username used when logging into horde.sigma-erebus.com or hermes.sigma-erebus.com) | B1: What is your discipline within the team? | C1: What is your specialization within the team? | D1: 1. I think that I would like to use this system frequently | E1: 2. I found the system unnecessarily complex | F1: 3. I thought the system was easy to use | G1: 4. I think that I would need the support of a technical person to be able to use this system | H1: 5. I found the various functions in this system were well integrated | I1: 6. I thought there was too much inconsistency in this system | J1: 7. I would imagine that most people would learn to use this system very quickly | K1: 8. I found the system very cumbersome to use | L1: 9. I felt very confident using the system | M1: 10. I needed to learn a lot of things before I could get going with this system | N1: 11. I think this system positively impacted my team’s development workflow | O1: 12. I noticed that the system affected my computer's responsiveness | P1: 13. I think this system positively impacted my personal development workflow | Q1: 14. There were times when I found it necessary to disable the system (during work hours) | R1: 15. I could easily tell whether the system was active (either ready to receive tasks or actively running a task) | S1: 16. There were times where I expected the system to be running when it was not | T1: Additional notes: | U1: SUS Score
A2: User-41 | B2: Designer | C2: Technical Designer | D2: 4 | E2: 2 | F2: 5 | G2: 1 | H2: 3 | I2: 2 | J2: 4 | K2: 2 | L2: 4 | M2: 1 | N2: 4 | O2: 3 | P2: 3 | Q2: 3 | R2: 1 | S2: 3 | T2: I filled this in based mostly on experiences of other team members since I am currently using a Mac and therefore not using the UBA set-up, but I have interacted with it through other people's laptops and have gone through the initial set-up as a team. | U2: =2.5*(20+SUM(D2,F2,H2,J2,L2)-SUM(E2,G2,I2,K2,M2)) -> 80
A3: User-42 | B3: Producer | C3: Producer and writer | D3: 4 | E3: 1 | F3: 4 | G3: 1 | H3: 4 | I3: 1 | J3: 5 | K3: 1 | L3: 4 | M3: 1 | N3: 3 | O3: 2 | P3: 4 | Q3: 1 | R3: 1 | S3: 1 | T3: I was wondering how much of my laptop resources were being used, like a graph somewhere. I think this is possible through the dashboard but only for admins. | U3: =2.5*(20+SUM(D3,F3,H3,J3,L3)-SUM(E3,G3,I3,K3,M3)) -> 90
A4: User-43 | B4: Programmer | C4: Build Engineer | D4: 5 | E4: 1 | F4: 4 | G4: 2 | H4: 5 | I4: 4 | J4: 4 | K4: 4 | L4: 4 | M4: 2 | N4: 2 | O4: 5 | P4: 5 | Q4: 1 | R4: 5 | S4: 1 | T4: I do get exceptions like this where I have to build again for it to work. Unhandled Exception: System.IO.FileNotFoundException: The specified module could not be found. (Exception from HRESULT: 0x8007007E) ASSERT: Unhandled exception/crash. Suppress debugger startup and try to report issue instead. This message is here to hopefully see callstack Permissions do not works. Working remote it does try to connect and then times out when I close the game. It want to use telemetry. But it can't out of the office. | U4: =2.5*(20+SUM(D4,F4,H4,J4,L4)-SUM(E4,G4,I4,K4,M4)) -> 72.5
A5: User-44 | B5: Artist | C5: Environment and UI Artist | D5: 3 | E5: 1 | F5: 3 | G5: 5 | H5: 3 | I5: 3 | J5: 4 | K5: 3 | L5: 3 | M5: 1 | N5: 3 | O5: 1 | P5: 1 | Q5: 1 | R5: 1 | S5: 1 | T5: Honestly I even forgot I had it, haven't noticed it messing with my laptop performance, so I guess that's good haha! :) | U5: =2.5*(20+SUM(D5,F5,H5,J5,L5)-SUM(E5,G5,I5,K5,M5)) -> 57.5
A6: User-45 | B6: Designer | C6: Game Design, Level Design, Audio | D6: 2 | E6: 1 | F6: 5 | G6: 2 | H6: 5 | I6: 1 | J6: 5 | K6: 1 | L6: 2 | M6: 1 | N6: 2 | O6: 5 | P6: 1 | Q6: 5 | R6: 2 | S6: 3 | T6: With the initial set-up I had a very noticeable hit in performance, which made working in unreal uncomfortable and stuttery. Initially I did not know how to reduce the limit in the config file, but with help I then installed Unreal Toolbox where I reduced my core amount from max (24) to half (12). After this I've not noticed any issues with performance (however I believe someone also mentioned that it seems my laptop is not being used for the swarm at all anymore, although I cannot confirm or deny this because I'm not sure how to check, but all I know is that I haven't had any issues since I changed the core amount. Hopefully you can check the stats so you can draw some valuable conclusions) After installing Unreal Toolbox and working from home I got frequent Windows notifications from unreal toolbox of "connecting to server" which would always fail (which makes sense because I was on my own network), but this frequent pop-up was a bit annoying. I ended up just muting this in Windows settings which made it no problem again. I have not made any builds myself so therefore I haven't noticed the benefits myself directly, but I know our programmer was happy with the faster build when it was using my laptop | U6: =2.5*(20+SUM(D6,F6,H6,J6,L6)-SUM(E6,G6,I6,K6,M6)) -> 82.5
A7: User-46 | B7: Artist | C7: Environment art, tech art | D7: 3 | E7: 4 | F7: 2 | G7: 5 | H7: 3 | I7: 3 | J7: 1 | K7: 5 | L7: 2 | M7: 4 | N7: 3 | O7: 5 | P7: 2 | Q7: 1 | R7: 1 | S7: 3 | U7: =2.5*(20+SUM(D7,F7,H7,J7,L7)-SUM(E7,G7,I7,K7,M7)) -> 25
D9: =AVERAGE(Table1[1. I think that I would like to use this system frequently]) -> 3.5 | E9: =AVERAGE(Table1[2. I found the system unnecessarily complex]) -> 1.6666667 | F9: =AVERAGE(Table1[3. I thought the system was easy to use]) -> 3.8333333 | G9: =AVERAGE(Table1[4. I think that I would need the support of a technical person to be able to use this system]) -> 2.6666667 | H9: =AVERAGE(Table1[5. I found the various functions in this system were well integrated]) -> 3.8333333 | I9: =AVERAGE(Table1[6. I thought there was too much inconsistency in this system]) -> 2.3333333 | J9: =AVERAGE(Table1[7. I would imagine that most people would learn to use this system very quickly]) -> 3.8333333 | K9: =AVERAGE(Table1[8. I found the system very cumbersome to use]) -> 2.6666667 | L9: =AVERAGE(Table1[9. I felt very confident using the system]) -> 3.1666667 | M9: =AVERAGE(Table1[10. I needed to learn a lot of things before I could get going with this system]) -> 1.6666667 | N9: =AVERAGE(Table1[11. I think this system positively impacted my team’s development workflow]) -> 2.8333333 | O9: =AVERAGE(Table1[12. I noticed that the system affected my computer''s responsiveness]) -> 3.5 | P9: =AVERAGE(Table1[13. I think this system positively impacted my personal development workflow]) -> 2.6666667 | Q9: =AVERAGE(Table1[14. There were times when I found it necessary to disable the system (during work hours)]) -> 2 | R9: =AVERAGE(Table1[15. I could easily tell whether the system was active (either ready to receive tasks or actively running a task)]) -> 1.8333333 | S9: =AVERAGE(Table1[16. There were times where I expected the system to be running when it was not]) -> 2 | U9: =AVERAGE(Table1[SUS Score]) -> 67.916667

Sheet Iteration 2
A1: What is your given participant login name? (username used when logging into horde.sigma-erebus.com or hermes.sigma-erebus.com) | B1: What is your discipline within the team? | C1: What is your specialization within the team? | D1: 1. I think that I would like to use this system frequently | E1: 2. I found the system unnecessarily complex | F1: 3. I thought the system was easy to use | G1: 4. I think that I would need the support of a technical person to be able to use this system | H1: 5. I found the various functions in this system were well integrated | I1: 6. I thought there was too much inconsistency in this system | J1: 7. I would imagine that most people would learn to use this system very quickly | K1: 8. I found the system very cumbersome to use | L1: 9. I felt very confident using the system | M1: 10. I needed to learn a lot of things before I could get going with this system | N1: 11. I think this system positively impacted my team’s development workflow | O1: 12. I noticed that the system affected my computer's responsiveness | P1: 13. I think this system positively impacted my personal development workflow | Q1: 14. There were times when I found it necessary to disable the system (during work hours) | R1: 15. I could easily tell whether the system was active (either ready to receive tasks or actively running a task) | S1: 16. There were times where I expected the system to be running when it was not | T1: Additional notes: | U1: SUS Score
A2: User-01 | B2: Producer | C2: . | D2: 4 | E2: 2 | F2: 3 | G2: 4 | H2: 3 | I2: 3 | J2: 3 | K2: 2 | L2: 3 | M2: 4 | N2: 4 | O2: 1 | P2: 2 | Q2: 1 | R2: 2 | S2: 1 | T2: I don't know if I'm running it correctly. | U2: =2.5*(20+SUM(D2,F2,H2,J2,L2)-SUM(E2,G2,I2,K2,M2)) -> 52.5
A3: User-03 | B3: Programmer | C3: Ci cd | D3: 4 | E3: 2 | F3: 4 | G3: 2 | H3: 3 | I3: 3 | J3: 4 | K3: 1 | L3: 3 | M3: 2 | N3: 3 | O3: 2 | P3: 3 | Q3: 1 | R3: 1 | S3: 1 | U3: =2.5*(20+SUM(D3,F3,H3,J3,L3)-SUM(E3,G3,I3,K3,M3)) -> 70
A4: User-05 | B4: Artist | C4: Character Art | D4: 3 | E4: 1 | F4: 4 | G4: 5 | H4: 3 | I4: 1 | J4: 4 | K4: 2 | L4: 3 | M4: 3 | N4: 3 | O4: 1 | P4: 3 | Q4: 3 | R4: 1 | S4: 2 | T4: as a va who does not yet have tasks in unreal or shader compiling yet the installation of NetBird VPN has not affected me at all, which in my opinion is good as per the explanation it means that my work is not hindered by the use of the tool while my device might be able to help others who are using it. | U4: =2.5*(20+SUM(D4,F4,H4,J4,L4)-SUM(E4,G4,I4,K4,M4)) -> 62.5
A5: User-06 | B5: Programmer | C5: AI | D5: 3 | E5: 1 | F5: 4 | G5: 2 | H5: 3 | I5: 2 | J5: 5 | K5: 2 | L5: 3 | M5: 1 | N5: 3 | O5: 3 | P5: 2 | Q5: 2 | R5: 2 | S5: 3 | U5: =2.5*(20+SUM(D5,F5,H5,J5,L5)-SUM(E5,G5,I5,K5,M5)) -> 75
A6: User-07 | B6: Designer | C6: Level Designer | D6: 5 | E6: 1 | F6: 5 | G6: 2 | H6: 3 | I6: 2 | J6: 5 | K6: 2 | L6: 3 | M6: 3 | N6: 4 | O6: 1 | P6: 3 | Q6: 1 | R6: 5 | S6: 1 | T6: I'm not sure if we even used it yet, but otherwise I can connect and disconnect easily. I am aware when the system is active and it is quite user-friendly. | U6: =2.5*(20+SUM(D6,F6,H6,J6,L6)-SUM(E6,G6,I6,K6,M6)) -> 77.5
A7: User-41 | B7: Designer | C7: UI Design, Tech Design & System Programming | D7: 5 | E7: 2 | F7: 3 | G7: 1 | H7: 3 | I7: 1 | J7: 3 | K7: 3 | L7: 3 | M7: 1 | N7: 4 | O7: 2 | P7: 4 | Q7: 1 | R7: 2 | S7: 4 | U7: =2.5*(20+SUM(D7,F7,H7,J7,L7)-SUM(E7,G7,I7,K7,M7)) -> 72.5
A8: User-42 | B8: Producer | C8: Writer/Quest designer | D8: 3 | E8: 2 | F8: 4 | G8: 2 | H8: 4 | I8: 1 | J8: 4 | K8: 2 | L8: 3 | M8: 1 | N8: 2 | O8: 2 | P8: 3 | Q8: 1 | R8: 2 | S8: 2 | T8: Build sometimes doesn't succeed due to Horde. I need to build again for a 2nd time, then it works. | U8: =2.5*(20+SUM(D8,F8,H8,J8,L8)-SUM(E8,G8,I8,K8,M8)) -> 75
A9: User-43 | B9: Programmer | C9: Build Engineer | D9: 4 | E9: 2 | F9: 2 | G9: 3 | H9: 4 | I9: 4 | J9: 3 | K9: 4 | L9: 4 | M9: 2 | N9: 4 | O9: 4 | P9: 4 | Q9: 1 | R9: 3 | S9: 1 | U9: =2.5*(20+SUM(D9,F9,H9,J9,L9)-SUM(E9,G9,I9,K9,M9)) -> 55
A10: User-46 | B10: Artist | C10: Environment art, tech art | D10: 2 | E10: 3 | F10: 4 | G10: 5 | H10: 5 | I10: 4 | J10: 4 | K10: 4 | L10: 2 | M10: 1 | N10: 2 | O10: 5 | P10: 2 | Q10: 3 | R10: 3 | S10: 5 | U10: =2.5*(20+SUM(D10,F10,H10,J10,L10)-SUM(E10,G10,I10,K10,M10)) -> 50
D12: =AVERAGE(Table13[1. I think that I would like to use this system frequently]) -> 3.6666667 | E12: =AVERAGE(Table13[2. I found the system unnecessarily complex]) -> 1.7777778 | F12: =AVERAGE(Table13[3. I thought the system was easy to use]) -> 3.6666667 | G12: =AVERAGE(Table13[4. I think that I would need the support of a technical person to be able to use this system]) -> 2.8888889 | H12: =AVERAGE(Table13[5. I found the various functions in this system were well integrated]) -> 3.4444444 | I12: =AVERAGE(Table13[6. I thought there was too much inconsistency in this system]) -> 2.3333333 | J12: =AVERAGE(Table13[7. I would imagine that most people would learn to use this system very quickly]) -> 3.8888889 | K12: =AVERAGE(Table13[8. I found the system very cumbersome to use]) -> 2.4444444 | L12: =AVERAGE(Table13[9. I felt very confident using the system]) -> 3 | M12: =AVERAGE(Table13[10. I needed to learn a lot of things before I could get going with this system]) -> 2 | N12: =AVERAGE(Table13[11. I think this system positively impacted my team’s development workflow]) -> 3.2222222 | O12: =AVERAGE(Table13[12. I noticed that the system affected my computer''s responsiveness]) -> 2.3333333 | P12: =AVERAGE(Table13[13. I think this system positively impacted my personal development workflow]) -> 2.8888889 | Q12: =AVERAGE(Table13[14. There were times when I found it necessary to disable the system (during work hours)]) -> 1.5555556 | R12: =AVERAGE(Table13[15. I could easily tell whether the system was active (either ready to receive tasks or actively running a task)]) -> 2.3333333 | S12: =AVERAGE(Table13[16. There were times where I expected the system to be running when it was not]) -> 2.2222222 | U12: =AVERAGE(Table13[SUS Score]) -> 65.555556

Sheet Iteration 3
A1: What is your given participant login name? (username used when logging into horde.sigma-erebus.com or hermes.sigma-erebus.com) | B1: What is your discipline within the team? | C1: What is your specialization within the team? | D1: 1. I think that I would like to use this system frequently | E1: 2. I found the system unnecessarily complex | F1: 3. I thought the system was easy to use | G1: 4. I think that I would need the support of a technical person to be able to use this system | H1: 5. I found the various functions in this system were well integrated | I1: 6. I thought there was too much inconsistency in this system | J1: 7. I would imagine that most people would learn to use this system very quickly | K1: 8. I found the system very cumbersome to use | L1: 9. I felt very confident using the system | M1: 10. I needed to learn a lot of things before I could get going with this system | N1: 11. I think this system positively impacted my team’s development workflow | O1: 12. I noticed that the system affected my computer's responsiveness | P1: 13. I think this system positively impacted my personal development workflow | Q1: 14. There were times when I found it necessary to disable the system (during work hours) | R1: 15. I could easily tell whether the system was active (either ready to receive tasks or actively running a task) | S1: 16. There were times where I expected the system to be running when it was not | T1: Additional notes: | U1: SUS Score
A2: User-01 | B2: Producer | C2: Producer | D2: 4 | E2: 2 | F2: 5 | G2: 2 | H2: 3 | I2: 2 | J2: 5 | K2: 1 | L2: 4 | M2: 2 | N2: 4 | O2: 1 | P2: 1 | Q2: 1 | R2: 4 | S2: 2 | U2: =2.5*(20+SUM(D2,F2,H2,J2,L2)-SUM(E2,G2,I2,K2,M2)) -> 80
A3: User-22 | B3: Programmer | C3: Gameplay Programmer | D3: 2 | E3: 3 | F3: 2 | G3: 5 | H3: 3 | I3: 4 | J3: 2 | K3: 4 | L3: 1 | M3: 2 | N3: 3 | O3: 4 | P3: 2 | Q3: 5 | R3: 3 | S3: 1 | T3: The main issue for us was that the log in prompt kept popping up randomly. Sometimes it would not show up the entire day sometimes it would 4-5 times. It also kept causing the build server to not build (this was also not consistent). | U3: =2.5*(20+SUM(D3,F3,H3,J3,L3)-SUM(E3,G3,I3,K3,M3)) -> 30
A4: User-21 | B4: Programmer | C4: CICD and Audio | D4: 3 | E4: 3 | F4: 2 | G4: 5 | H4: 3 | I4: 5 | J4: 3 | K4: 5 | L4: 3 | M4: 3 | N4: 2 | O4: 3 | P4: 1 | Q4: 4 | R4: 3 | S4: 3 | T4: We had many automated builds give false failures because Horde was unable to log in. It was inconsistent with those builds; sometimes it would be fine, other times it would fail. I noticed barely any performance gains when I had to rebuild the project on my laptop, as this would be the only instance where Horde would kick in. Other times, my builds were too small to be distributed. | U4: =2.5*(20+SUM(D4,F4,H4,J4,L4)-SUM(E4,G4,I4,K4,M4)) -> 32.5
A5: User-05 | B5: Artist | C5: Character Art | D5: 3 | E5: 1 | F5: 4 | G5: 4 | H5: 5 | I5: 1 | J5: 4 | K5: 1 | L5: 3 | M5: 2 | N5: 3 | O5: 1 | P5: 3 | Q5: 1 | R5: 1 | S5: 1 | U5: =2.5*(20+SUM(D5,F5,H5,J5,L5)-SUM(E5,G5,I5,K5,M5)) -> 75
A6: User-07 | B6: Designer | C6: Level Designer - Lead | D6: 5 | E6: 1 | F6: 5 | G6: 3 | H6: 5 | I6: 2 | J6: 5 | K6: 1 | L6: 5 | M6: 1 | N6: 5 | O6: 1 | P6: 3 | Q6: 1 | R6: 5 | S6: 1 | U6: =2.5*(20+SUM(D6,F6,H6,J6,L6)-SUM(E6,G6,I6,K6,M6)) -> 92.5
A7: User-03 | B7: Programmer | C7: PR lead, Engine & Tools, CI\CD | D7: 4 | E7: 2 | F7: 3 | G7: 4 | H7: 4 | I7: 1 | J7: 3 | K7: 2 | L7: 3 | M7: 2 | N7: 3 | O7: 2 | P7: 3 | Q7: 1 | R7: 2 | S7: 3 | U7: =2.5*(20+SUM(D7,F7,H7,J7,L7)-SUM(E7,G7,I7,K7,M7)) -> 65
A8: User-23 | B8: Programmer | C8: Gameplay , Tools | D8: 5 | E8: 1 | F8: 4 | G8: 1 | H8: 4 | I8: 4 | J8: 4 | K8: 2 | L8: 4 | M8: 2 | N8: 5 | O8: 1 | P8: 4 | Q8: 1 | R8: 2 | S8: 2 | T8: It would be nice to have some insight in how many horde nodes are actually working together on a build | U8: =2.5*(20+SUM(D8,F8,H8,J8,L8)-SUM(E8,G8,I8,K8,M8)) -> 77.5
A9: User-41 | B9: Designer | C9: Technical Designer | D9: 5 | E9: 2 | F9: 4 | G9: 2 | H9: 4 | I9: 1 | J9: 4 | K9: 1 | L9: 4 | M9: 1 | N9: 4 | O9: 2 | P9: 4 | Q9: 1 | R9: 4 | S9: 2 | U9: =2.5*(20+SUM(D9,F9,H9,J9,L9)-SUM(E9,G9,I9,K9,M9)) -> 85
A10: User-06 | B10: Programmer | C10: AI&Physics | D10: 3 | E10: 2 | F10: 4 | G10: 2 | H10: 3 | I10: 3 | J10: 4 | K10: 2 | L10: 3 | M10: 1 | N10: 3 | O10: 4 | P10: 3 | Q10: 3 | R10: 2 | S10: 3 | U10: =2.5*(20+SUM(D10,F10,H10,J10,L10)-SUM(E10,G10,I10,K10,M10)) -> 67.5
A11: User-43 | B11: Programmer | C11: Build Engineer | D11: 4 | E11: 2 | F11: 2 | G11: 5 | H11: 4 | I11: 4 | J11: 4 | K11: 4 | L11: 4 | M11: 4 | N11: 2 | O11: 4 | P11: 5 | Q11: 4 | R11: 2 | S11: 2 | T11: I am very positive about the build time from 1,5 hour custom engine to 30 min when I build for Windows. Problems I've encountered: - Jenkins build for Linux I have to to set bAllowUBALocalExecutor to false. https://forums.unrealengine.com/t/ue5-6-linux-wrong-cross-compile-toolchain/2540791/14 Error that I got in the past: Failed to produce item: ASSERT: ERROR: Access violation reading at address: 0x0000010CAC00600C CALLSTACK: _mi_heap_realloc_zero (alloc.c:710) ucrtbase.dll: +0x3d189 ucrtbase.dll: +0x14a0c ucrtbase.dll: +0x1488b ucrtbase.dll: +0x14844 ucrtbase.dll: +0x14e01 combase.dll: +0x178d3d combase.dll: +0x178d5d combase.dll: +0xcaf23 combase.dll: +0xcac8c combase.dll: +0xcb64a combase.dll: +0x1d252f combase.dll: +0x164034 combase.dll: +0x1c361f combase.dll: +0x1c160d combase.dll: +0x1bc4a8 C:\Jenkins\Project\Game\Binaries\Linux\Game-Linux-Shipping.sym - With only Win11 agents + server still sometimes get the error down below: LogUbaHorde: Warning: Getting Horde server URL failed [Source: Not found] LogUbaHorde: Error: Failed to create HttpClient for UbaAgent During cooking/packaging. While building C++ has no issues. I feel like when I am logged in in advance that it will works. Because then it has the correct browser cookies, not sure. - Issue that is solved: Unhandled Exception: System.IO.FileNotFoundException: The specified module could not be found. (Exception from HRESULT: 0x8007007E) ASSERT: Unhandled exception/crash. Suppress debugger startup and try to report issue instead. This message is here to hopefully see callstack CALLSTACK: UbaDetours.dll: +0x2b875 KERNEL32.dll: +0x78182 KERNEL32.dll: +0x511f2 KERNEL32.dll: +0x787ed KERNELBASE.dll: +0x1158bc ntdll.dll: +0x16a4a3 ntdll.dll: +0x121853 ntdll.dll: +0x16618f ntdll.dll: +0x12327 ntdll.dll: +0xa961 KERNELBASE.dll: +0xca80a clr.dll: +0x181078 I made sure there are only Win11 agents + server. | U11: =2.5*(20+SUM(D11,F11,H11,J11,L11)-SUM(E11,G11,I11,K11,M11)) -> 47.5
A12: User-42 | B12: Designer | C12: Writer | D12: 4 | E12: 1 | F12: 4 | G12: 3 | H12: 4 | I12: 1 | J12: 5 | K12: 1 | L12: 4 | M12: 1 | N12: 4 | O12: 2 | P12: 3 | Q12: 1 | R12: 2 | S12: 1 | U12: =2.5*(20+SUM(D12,F12,H12,J12,L12)-SUM(E12,G12,I12,K12,M12)) -> 85
D14: =AVERAGE(Table134[1. I think that I would like to use this system frequently]) -> 3.8181818 | E14: =AVERAGE(Table134[2. I found the system unnecessarily complex]) -> 1.8181818 | F14: =AVERAGE(Table134[3. I thought the system was easy to use]) -> 3.5454545 | G14: =AVERAGE(Table134[4. I think that I would need the support of a technical person to be able to use this system]) -> 3.2727273 | H14: =AVERAGE(Table134[5. I found the various functions in this system were well integrated]) -> 3.8181818 | I14: =AVERAGE(Table134[6. I thought there was too much inconsistency in this system]) -> 2.5454545 | J14: =AVERAGE(Table134[7. I would imagine that most people would learn to use this system very quickly]) -> 3.9090909 | K14: =AVERAGE(Table134[8. I found the system very cumbersome to use]) -> 2.1818182 | L14: =AVERAGE(Table134[9. I felt very confident using the system]) -> 3.4545455 | M14: =AVERAGE(Table134[10. I needed to learn a lot of things before I could get going with this system]) -> 1.9090909 | N14: =AVERAGE(Table134[11. I think this system positively impacted my team’s development workflow]) -> 3.4545455 | O14: =AVERAGE(Table134[12. I noticed that the system affected my computer''s responsiveness]) -> 2.2727273 | P14: =AVERAGE(Table134[13. I think this system positively impacted my personal development workflow]) -> 2.9090909 | Q14: =AVERAGE(Table134[14. There were times when I found it necessary to disable the system (during work hours)]) -> 2.0909091 | R14: =AVERAGE(Table134[15. I could easily tell whether the system was active (either ready to receive tasks or actively running a task)]) -> 2.7272727 | S14: =AVERAGE(Table134[16. There were times where I expected the system to be running when it was not]) -> 1.9090909 | U14: =AVERAGE(Table134[SUS Score]) -> 67.045455

Sheet Iteration Overview
B1: Q1 | C1: Q2 | D1: Q3 | E1: Q4 | F1: Q5 | G1: Q6 | H1: Q7 | I1: Q8 | J1: Q9 | K1: Q10 | L1: Q11 | M1: Q12 | N1: Q13 | O1: Q14 | P1: Q15 | Q1: Q16 | R1: Overall SUS
A2: Iteration 1 Averages | B2: ='Iteration 1'!D9 -> 3.5 | C2: ='Iteration 1'!E9 -> 1.6666667 | D2: ='Iteration 1'!F9 -> 3.8333333 | E2: ='Iteration 1'!G9 -> 2.6666667 | F2: ='Iteration 1'!H9 -> 3.8333333 | G2: ='Iteration 1'!I9 -> 2.3333333 | H2: ='Iteration 1'!J9 -> 3.8333333 | I2: ='Iteration 1'!K9 -> 2.6666667 | ... Q2: ='Iteration 1'!S9 -> 2 | R2: ='Iteration 1'!U9 -> 67.916667
A3: Iteration 2 Averages | B3: ='Iteration 2'!D12 -> 3.6666667 | C3: ='Iteration 2'!E12 -> 1.7777778 | D3: ='Iteration 2'!F12 -> 3.6666667 | E3: ='Iteration 2'!G12 -> 2.8888889 | F3: ='Iteration 2'!H12 -> 3.4444444 | G3: ='Iteration 2'!I12 -> 2.3333333 | H3: ='Iteration 2'!J12 -> 3.8888889 | I3: ='Iteration 2'!K12 -> 2.4444444 | ... Q3: ='Iteration 2'!S12 -> 2.2222222 | R3: ='Iteration 2'!U12 -> 65.555556
A4: Iteration 3 Averages | B4: ='Iteration 3'!D14 -> 3.8181818 | C4: ='Iteration 3'!E14 -> 1.8181818 | D4: ='Iteration 3'!F14 -> 3.5454545 | E4: ='Iteration 3'!G14 -> 3.2727273 | F4: ='Iteration 3'!H14 -> 3.8181818 | G4: ='Iteration 3'!I14 -> 2.5454545 | H4: ='Iteration 3'!J14 -> 3.9090909 | I4: ='Iteration 3'!K14 -> 2.1818182 | ... Q4: ='Iteration 3'!S14 -> 1.9090909 | R4: ='Iteration 3'!U14 -> 67.045455
B10: Iteration 1 | C10: Iteration 2 | D10: Iteration 3
A11: User 01 | C11: 52.5 | D11: 80
A12: User 03 | C12: 70 | D12: 65
A13: User 05 | C13: 62.5 | D13: 75
A14: User 06 | C14: 75 | D14: 67.5
A15: User 07 | C15: 77.5 | D15: 92.5
A16: User 21 | D16: 32.5
A17: User 22 | D17: 30
A18: User 23 | D18: 77.5
A19: User 41 | B19: 80 | C19: 72.5 | D19: 85
A20: User 42 | B20: 90 | C20: 75 | D20: 85
A21: User 43 | B21: 72.5 | C21: 55 | D21: 47.5
A22: User 44 | B22: 57.5
A23: User 45 | B23: 82.5
A24: User 46 | B24: 25 | C24: 50
